sensor_1,sensor_2,sensor_3,operational_hours,maintenance,RUL
0.496714153,1.399355437,-0.675178275,831,0,4167.779109
-0.138264301,0.924633683,-0.144518671,4061,0,937.137258
0.647688538,0.05963037,-0.792419921,4801,0,197.222359
1.523029856,-0.646936778,-0.30796153,2604,0,2393.654227
-0.234153375,0.698223314,-1.893614667,714,0,4285.083772
-0.234136957,0.393485385,0.213293707,3906,0,1092.71113
1.579212816,0.89519322,0.001205475,1819,0,3177.235519
0.767434729,0.635171802,-0.817088631,4869,0,126.6500006
-0.469474386,1.049552715,0.659245668,1687,0,3307.410677
0.542560044,-0.535235212,0.937570138,1711,0,3282.465782
-0.463417693,1.317394066,-1.607559864,996,0,3998.219365
-0.465729754,0.197599605,-0.762724779,377,0,4618.25022
0.241962272,2.075260873,-0.76914235,4747,0,246.7021393
-1.913280245,-0.689187818,-0.939903101,1736,0,3261.24451
-1.724917833,1.735963803,0.829474842,2258,0,2738.40399
-0.562287529,0.197910783,-0.193826139,2532,0,2464.962193
-1.01283112,-0.651418004,-0.264514841,4004,1,994.8909565
0.314247333,-0.483885834,-2.003862364,4956,0,45.06445734
-0.908024076,-0.320347308,0.63541803,3362,0,1639.657411
-1.412303701,0.424165946,-1.239258395,1549,0,3454.884807
1.465648769,0.522835488,0.05993263,4600,0,401.83639
-0.2257763,-0.573700004,0.277376938,1332,0,3670.358489
0.067528205,-0.024354592,1.360658596,4217,0,783.9546571
-1.424748186,2.142270359,-1.308820399,777,0,4224.545955
-0.544382725,1.72754317,-3.019512156,2758,0,2245.382307
0.11092259,0.43632367,0.183849545,2128,0,2874.651211
-1.150993577,0.038003478,1.800511182,3858,0,1143.96369
0.375698018,0.120031327,1.238946353,4724,0,276.2290145
-0.60063869,0.613517973,0.209659415,2137,0,2863.006476
-0.29169375,-1.022792565,-0.491636186,2749,0,2252.812598
-0.601706612,-0.257376537,0.807122597,756,0,4245.864559
1.852278185,-1.668584074,-0.9735462,265,0,4737.654411
-0.013497225,0.399223123,0.476357769,4691,0,310.7923272
-1.057710929,0.64719594,0.505470159,689,0,4312.697372
0.822544912,-0.483186462,1.060209907,4624,0,376.2978037
-1.22084365,1.573986763,2.759660039,2921,0,2076.185001
0.208863595,-1.225765663,0.392415967,4358,0,639.8094867
-1.959670124,-1.46437488,-0.508963626,1362,0,3639.742495
-1.328186049,0.224451819,-0.025574312,171,0,4831.871804
0.196861236,1.047098303,-1.769075905,3616,0,1387.39692
0.73846658,1.683927691,-0.694713131,4850,0,151.6692391
0.171368281,-0.458884263,-0.409282438,3680,0,1322.366037
-0.115648282,1.078680833,-0.524088398,368,0,4633.927093
-0.301103696,-0.03850847,0.152354872,1876,0,3126.114351
-1.47852199,-0.1726273,-0.822419932,2562,0,2442.58792
-0.719844208,0.883659937,1.121030667,1368,0,3635.303073
-0.460638771,0.652322878,0.000207065,1115,0,3888.111182
1.057122226,-1.576392157,-0.009300321,2822,0,2181.639753
0.34361829,1.47654035,-0.327894717,1183,0,3819.147489
-1.763040155,1.380091354,0.155190684,4201,0,801.3752467
0.324083969,-0.625562702,0.825098265,506,0,4495.851627
-0.38508228,0.395803533,-0.867130216,3176,0,1826.708036
-0.676922,0.494030186,-0.658116489,1085,0,3918.549044
0.611676289,0.260673766,-0.303726029,3703,0,1299.98042
1.030999522,-0.550305154,-1.345870923,4585,0,418.845597
0.931280119,-0.671623368,-0.81925786,809,0,4195.405198
-0.839217523,-0.025554071,-0.476220874,2718,0,2287.746191
-0.309212376,1.172729019,0.874389181,4949,0,55.00828474
0.331263431,0.543600155,0.262561329,1511,1,3491.87086
0.975545127,-0.370614332,0.193589911,4721,0,281.0723391
-0.479174238,0.771698711,0.850897962,1585,0,3415.928917
-0.185658977,-2.848542621,-0.137371788,3050,0,1954.10049
-1.106334974,1.1487657,0.39046485,4751,0,252.6675945
-1.196206624,-1.739713779,-0.103221753,3034,0,1972.706737
0.812525822,-0.362440941,0.265362349,4214,0,791.9912894
1.356240029,-1.119669895,-0.582758658,4770,0,236.3374779
-0.072010122,-1.294681476,-2.438817158,1103,0,3907.142987
1.003532898,1.160826787,-0.134279162,2566,0,2442.112906
0.361636025,-0.467701201,1.422748136,2566,0,2440.796223
-0.645119755,0.346503882,0.926215402,2038,0,2968.168624
0.361395606,-0.046920579,0.965397485,2039,1,2965.888751
1.538036566,0.477040827,1.236130722,1735,0,3266.637543
-0.035826039,0.076821891,0.088657591,1798,0,3203.50789
1.564643656,-1.282992224,0.197315707,4627,0,374.0289225
-2.619745104,0.996266819,-0.617651895,2191,0,2812.270053
0.821902504,-0.493756583,-0.316072856,1995,0,3008.25798
0.087047068,-1.556581899,0.61577115,4340,0,664.1117433
-0.29900735,-0.428115161,1.203884437,3498,0,1505.634981
0.091760777,1.500759791,-0.139446276,1173,0,3829.181907
-1.987568915,0.850221742,-0.450189265,2502,0,2501.769443
-0.219671888,-0.348652134,0.000527959,4995,1,9.337239558
0.357112572,-0.349257704,0.601206749,3312,0,1691.728178
1.477894045,-0.321635051,-1.443854816,4137,0,867.0157738
-0.518270218,2.076747984,-2.296180953,1251,0,3753.753477
-0.808493603,0.381935452,-0.550536849,2545,0,2460.730572
-0.501757044,0.430041647,-1.220712426,2056,0,2951.023
0.915402118,1.030283454,-0.508140198,4658,0,347.5854544
0.32875111,0.238789159,-0.147780319,4007,0,998.1656945
-0.529760204,-0.259042146,-0.453248409,907,0,4099.407745
0.513267433,-0.196349849,1.452467534,286,0,4718.63836
0.097077549,-0.071601259,0.326744765,4927,0,77.28613904
0.968644991,-0.037222237,0.30047436,4624,0,379.0542419
-0.702053094,0.727629544,0.622207144,1407,0,3595.406458
-0.327662147,0.051945886,-1.138833118,2384,0,2619.821008
-0.392108153,0.732640077,1.039111787,4966,0,36.441364
-1.463514948,-0.08071658,-0.075764287,857,0,4147.06136
0.296120277,0.07863519,0.670480617,4331,0,672.0161237
0.261055272,-1.998200685,-1.071857233,4987,0,18.82512637
0.005113457,0.916327675,-1.553758766,3954,1,1052.457444
-0.234587133,0.346488476,0.817889658,4366,0,639.527653
-1.415370742,0.99801011,0.376409526,2306,0,2699.568604
-0.420645323,-2.896255378,-0.902051554,3658,0,1351.787556
-0.342714517,2.088374705,-0.869663081,1680,0,3328.911559
-0.802277269,-0.139589628,1.125434784,1061,0,3947.727991
-0.161285712,1.108182817,-1.189411893,3947,0,1061.970506
0.404050857,-1.039905927,1.642672953,3675,0,1332.963688
1.886185901,0.612773905,-0.900620735,975,0,4031.365349
0.174577813,-1.053415563,0.638391926,2518,0,2488.605795
0.257550391,-0.623768961,-0.328618476,4298,0,709.3006321
-0.074445916,1.914031354,0.603187431,1101,0,3903.857859
-1.918771215,-0.190682401,-0.544114002,3484,0,1523.511427
-0.026513875,0.217432873,-0.162792906,4166,0,841.4833007
0.06023021,0.870067731,0.040919175,2945,0,2061.512084
2.463242112,0.495681888,-1.002187456,1581,0,3423.555347
-0.192360965,0.150418905,0.740824345,3401,0,1602.856465
0.301547342,0.364961002,-0.513213566,757,0,4246.70317
-0.03471177,2.403415585,-0.228599915,2880,0,2121.563066
-1.168678038,-0.057618797,-0.994349375,522,0,4481.783712
1.142822815,0.201099047,-2.562333659,3781,0,1224.002124
0.751933033,1.050654396,-0.191027763,4366,0,637.3905644
0.791031947,1.105525933,2.412615422,2810,0,2189.081391
-0.909387455,1.187030306,0.784604288,552,0,4446.019144
1.402794311,0.638730222,-0.01926038,2497,0,2498.99688
-1.401851063,-1.143004913,-0.262890829,2075,0,2923.804627
0.586857094,1.633431532,0.022465893,1757,1,3239.561872
2.190455626,-1.146345393,0.547119115,2641,0,2353.970643
-0.990536325,0.302635465,-1.180812815,3175,0,1821.839356
-0.56629773,-0.75427585,1.114321695,3264,0,1733.045608
0.099651365,-0.064138347,0.715381315,3066,0,1930.294714
-0.503475654,0.32876241,0.718185726,2153,0,2842.751242
-1.550663431,0.321357215,0.438475739,387,0,4609.542072
0.068562975,0.421920754,0.019616658,3317,0,1679.031972
-1.062303714,1.613711269,0.672861236,3954,0,1040.807703
0.473592431,0.453534302,0.591814134,1547,0,3446.288762
-0.919424234,-0.244156635,-0.354040711,707,0,4287.806384
1.549934405,0.964087168,-0.573601773,4652,0,340.8659638
-0.783253292,1.189470489,0.101856295,1864,0,3128.35789
-0.322061516,-1.227607815,1.549020151,1325,0,3667.358539
0.813517217,0.59740007,-1.239107076,1335,0,3657.186729
-1.230864316,0.701172742,-1.467525266,1129,0,3865.183946
0.227459935,-0.297563503,0.164760841,2771,1,2223.089289
1.307142754,1.375706813,0.050887702,4062,0,929.3555515
-1.607483235,-0.150055587,0.173341664,4642,1,350.9397487
0.184633859,0.125576453,0.243953198,3277,0,1715.385585
0.259882794,-0.173071824,-0.223202255,3822,0,1170.521976
0.781822872,0.015579048,1.489863439,1575,0,3415.234711
-1.236950711,-1.096275087,-1.600903978,2996,1,1998.168841
-1.320456613,-1.440050883,-0.828497025,908,0,4089.757845
0.521941566,1.594505063,-0.10325476,1078,0,3917.744654
0.296984673,-0.846961348,-1.643188811,2563,0,2434.937819
0.25049285,-0.991392349,-0.175854404,825,0,4173.854573
0.346448209,-2.153390114,1.661470166,2601,0,2398.000045
-0.680024722,-0.638961748,0.020886488,3462,0,1538.298145
0.232253697,-1.323089793,0.230700906,1316,0,3685.15828
0.293072473,1.64201516,-1.260164765,4151,0,849.483357
-0.714351418,1.009817089,-0.616361408,2297,0,2703.804253
1.865774511,-0.688150345,-0.37519638,2906,0,2094.001825
0.473832921,2.252435805,-0.317715097,878,0,4119.593271
-1.191303497,0.981765487,1.281643795,1072,0,3924.521165
0.656553609,-0.324831384,0.557691061,2910,0,2085.631752
-0.97468167,-2.499405715,-1.111457957,2223,0,2777.217298
0.787084604,2.290942573,0.246504778,698,0,4298.892766
1.158595579,-1.389572467,0.498221748,3441,0,1555.625521
-0.820682318,-1.645398747,1.140149039,324,0,4673.951453
0.963376129,1.022570432,1.580540687,940,0,4054.384966
0.412780927,2.439752406,-1.015094192,1914,0,3078.547526
0.82206016,1.384272819,-0.810857511,4909,0,82.15205091
1.896792983,0.56390912,-1.257577859,1206,0,3783.948927
-0.245388116,0.594754342,-0.234019859,224,0,4765.83358
-0.753736164,0.853415559,0.466358374,3346,0,1643.267543
-0.88951443,0.75892859,0.987334517,3031,0,1957.410794
-0.815810285,0.281191424,-0.075951024,4225,0,764.0213637
-0.077101709,0.104201104,-0.319847523,3071,1,1918.314112
0.341151975,-0.062593128,0.151757992,2117,0,2871.883795
0.276690799,-0.753964589,-0.835142902,2515,0,2475.196212
0.827183249,-0.280675077,2.089538722,4690,0,297.5601648
0.013001892,-1.692956814,-1.607661027,3196,0,1794.847781
1.453534077,-0.098339627,0.184740579,1709,0,3280.307846
-0.264656833,-0.988591107,2.023606219,817,0,4171.537487
2.720169167,-1.103589317,0.006799845,3661,0,1325.914108
0.625667348,0.179894151,-0.190039035,1116,0,3870.298585
-0.857157556,1.392002286,-0.357445423,3665,0,1321.121186
-1.070892498,0.918316606,-0.180391682,4801,0,185.4541536
0.482472415,-1.570500604,1.372848475,4570,0,416.1693333
-0.223462785,-0.989628137,-2.211861911,2060,0,2929.594286
0.714000494,0.940771188,1.533433701,1148,0,3838.406081
0.473237625,-0.982487394,-1.423957152,1457,0,3531.339288
-0.072828913,-0.22463315,-0.266652329,3526,0,1462.903402
-0.846793718,0.550052099,-0.42924442,215,1,4774.629388
-1.514847225,-0.968344455,0.58855327,2195,0,2796.524026
-0.446514952,0.105375506,-1.598124352,1901,0,3092.46329
0.856398794,-1.334025495,0.462172666,2246,0,2747.478744
0.214093744,-0.601367644,2.024309623,1720,0,3271.841709
-1.245738779,0.319781934,-1.363174005,4880,0,114.1308395
0.173180926,-1.592993734,0.189706168,3050,0,1945.360946
0.38531738,0.440474738,-0.661982178,3892,0,1103.197136
-0.883857436,-0.019637799,0.425887206,3041,0,1954.674744
0.153725106,0.552489954,0.019147777,1077,0,3917.949381
0.058208718,0.223914134,-0.641486909,3166,0,1829.308745
-1.142970298,1.36414043,0.487872285,883,0,4111.599703
0.35778736,0.125224503,1.80434811,340,0,4652.312343
0.560784526,-0.429405541,-0.190903792,1653,0,3339.371868
1.083051243,0.122297503,0.719757942,4678,0,312.4467611
1.053802052,0.543298029,-1.293272958,1112,0,3878.142934
-1.377669368,0.04886007,-0.956436377,286,0,4706.42818
-0.93782504,0.040591691,0.472406278,1981,0,3011.853007
0.515035267,-0.701991688,1.484116029,4686,0,305.5558471
0.513785951,-0.662900918,0.355613349,530,0,4461.349349
0.515047686,-1.402605272,-0.313058031,338,0,4654.549964
3.852731491,1.749576743,-0.000708595,2445,0,2541.948365
0.570890511,-1.243863235,-1.250407734,175,0,4813.871745
1.13556564,-0.692905198,0.604515326,1456,0,3531.824569
0.954001763,-0.718407266,0.882333062,2430,0,2556.706642
0.651391251,0.894924377,-0.452090333,4786,0,199.6124166
-0.315269245,-0.294949678,-0.470042148,2002,0,2984.692678
0.75896922,1.247742073,0.26587823,4113,0,871.4200881
-0.772825215,-0.673490624,-0.436719736,4770,0,216.3031237
-0.236818607,0.278994162,-0.066132615,2159,0,2827.327081
-0.485363548,-0.835347053,2.099721789,240,0,4745.54807
0.081874139,2.145149128,-0.247025701,1889,0,3094.568072
2.314658567,-1.187598419,-0.358340152,3726,0,1256.799352
-1.867265193,0.30982071,-0.647541806,116,1,4869.004338
0.68626019,0.633776881,0.744191971,4448,1,534.9401093
-1.612715871,0.413799097,-0.181224173,564,0,4420.32025
-0.471931866,-0.185287659,-0.649373038,4571,0,414.6268428
1.088950597,-0.1298207,1.321304032,1927,0,3056.346409
0.064280019,0.043811472,1.419603005,3128,0,1853.818714
-1.077744778,-0.147002002,-0.600423566,619,0,4364.643885
-0.715303709,0.963879117,-1.866539951,189,0,4796.261849
0.679597749,2.210523002,1.00751369,4915,0,66.36421479
-0.730366632,-0.557491785,-0.684629826,2951,0,2032.336703
0.21645859,-1.36980298,0.790625599,2943,1,2040.699422
0.04557184,-0.088282048,-1.970103818,4825,0,160.7122358
-0.651600348,2.579709338,0.892597338,1984,0,2998.89153
2.143944089,-0.803674568,-1.211171929,4271,0,711.7624319
0.633919022,1.639116805,0.730764119,1025,0,3954.758632
-2.025142587,1.677700814,0.014273068,3834,0,1146.091801
0.186454315,-0.553588242,-0.953939419,1069,0,3912.412874
-0.661786465,0.568983079,-0.407036313,1194,0,3787.912714
0.852433335,1.628396623,0.686318457,3295,0,1683.745565
-0.792520738,-0.379127741,0.105894453,1504,0,3475.811319
-0.114736441,-0.20358036,0.58441298,3464,0,1515.545223
0.504987279,-0.581680914,1.976440585,4390,0,587.6454762
0.865755194,-1.014756731,-1.564241612,4082,0,897.3587194
-1.200296407,-0.649277545,1.617212575,4423,0,556.5910807
-0.334501236,-1.223940267,0.104355938,4113,0,868.0451663
-0.474945311,0.034083468,-0.898784048,4656,0,326.3848122
-0.653329233,-0.769973231,-1.330313626,4813,0,172.1384283
1.76545424,0.233785912,-0.189120391,3192,0,1791.328309
0.404981711,-1.555895646,0.921650112,4259,0,724.5575723
-1.260883954,0.330880232,-0.12754912,2174,0,2810.615125
0.917861947,0.833528962,1.51115493,384,0,4597.352579
2.122156197,-1.993735643,-1.45117569,1287,0,3695.675334
1.032465261,0.37405657,-0.012088948,4069,0,912.2809016
-1.519369966,1.227668992,-1.252393444,3065,0,1917.824996
-0.484234073,-1.209641019,0.363631883,4419,0,565.1552392
1.266911149,1.672572387,0.88688739,883,0,4097.328868
-0.707669466,0.419019009,-0.420761794,1049,0,3932.038281
0.443819428,-0.705011856,-2.604213857,4039,0,944.9036868
0.774634053,-0.055769078,0.198948147,144,0,4838.985874
-0.926930472,0.558326913,0.436738552,1910,0,3072.917739
-0.059525356,0.076005391,0.404294755,4666,0,316.4969639
-3.24126734,0.538755992,1.235782192,2181,0,2802.963693
-1.024387641,-0.920673593,-1.07105368,3598,0,1388.979808
-0.252568151,0.169360824,0.680216105,929,0,4057.382799
-1.247783182,-1.413714497,1.192507512,2009,0,2978.851789
1.632411304,-0.111226061,-1.778587584,2681,0,2307.109192
-1.430141378,-0.903907641,0.319651826,791,0,4199.123589
-0.440044487,-0.735529943,-0.504179831,4119,0,872.8033432
0.130740577,1.236093175,-0.081522673,1031,0,3959.518032
1.441273289,1.091310121,0.347676484,3506,0,1481.637772
-1.435862151,0.609138121,-0.487228564,247,0,4741.951725
1.163163752,-1.092312765,-0.675708079,1132,0,3857.556582
0.010233061,-0.31640845,0.034152417,1411,0,3578.828605
-0.981508651,1.2130977,-1.087245939,487,0,4503.684262
0.462103474,0.141716914,-1.085825129,3221,0,1770.166266
0.199059696,2.31932954,0.679373283,1973,0,3014.968504
-0.600216877,0.393317839,-1.148794035,3688,0,1301.324197
0.069802085,0.192049116,0.666312501,1015,0,3973.396033
-0.385313597,-0.309116464,0.462591293,1978,0,3010.627872
0.113517345,0.133540905,-1.725806729,3848,0,1142.106621
0.662130675,-0.152469836,-0.677564652,377,0,4613.274524
1.586016816,0.708108677,1.194109403,2077,0,2909.78629
-1.237815499,0.956702317,-0.981165531,1959,0,3029.048568
2.133033375,-0.785989461,-0.464404262,3136,0,1851.165929
-1.9520878,-1.331232954,0.462060893,3471,0,1518.987188
-0.151785095,-1.836205373,0.783390509,4813,0,178.1917884
0.588317206,0.507991327,-0.251538886,2282,1,2708.347019
0.280991868,-1.103366606,-0.597510195,4775,0,216.7669037
-0.62269952,-2.152890593,1.422369862,1270,0,3723.120124
-0.20812225,0.388578605,1.738899664,589,0,4402.200768
-0.493000935,2.492999517,0.978858051,2625,0,2363.221911
-0.589364757,-0.006070912,0.085318143,1282,0,3706.732029
0.849602097,0.838490774,-0.808265722,4579,0,408.8522017
0.357015486,0.081829359,-0.830444407,4358,0,630.2438012
-0.692909595,-0.098889653,0.522514105,2588,0,2400.513086
0.899599875,0.919076483,0.418398221,1976,0,3010.276012
0.307299521,-0.290274544,1.401598593,2562,0,2422.857388
0.812862119,0.267392314,0.650450093,1730,0,3253.126684
0.629628842,0.321697806,-1.503080302,387,0,4596.678437
-0.828995011,-0.668090454,1.051947618,4382,0,602.1235752
-0.56018104,0.99204235,-0.998060627,2007,1,2977.689775
0.747293605,-0.174959757,-0.383971272,1261,0,3723.501412
0.610370265,-0.755745159,0.250200206,229,0,4755.396587
-0.020901594,0.536509844,1.99566749,2463,0,2518.885311
0.117327383,-0.898467982,3.109918556,243,0,4736.556533
1.277664896,0.028181157,0.606723059,115,0,4862.643964
-0.591571389,-0.009118997,-0.183196619,344,0,4634.427851
0.547097381,1.085895566,0.534505648,1026,0,3950.260352
-0.202192652,0.474698233,0.887655426,3278,0,1697.100191
-0.217681203,-0.025026959,-0.320667626,2276,0,2699.663567
1.098776852,0.817766299,1.795211356,986,0,3985.951812
0.825416349,1.390207549,0.230070759,440,0,4529.506118
0.813509636,0.557810306,0.497743089,2151,1,2816.637055
1.305478807,0.01035262,0.665924252,3498,0,1467.655299
0.021003842,-1.311836232,0.421586611,4050,0,916.5245449
0.681952971,-1.065113663,0.8389405,405,0,4561.068765
-0.310266757,-0.305224704,-0.617253187,1007,0,3960.30151
0.324166352,-0.609512202,-0.558301754,2754,0,2214.145157
-0.130143054,-0.186971303,-1.100154233,3892,0,1077.562426
0.096995965,0.056649925,0.439501231,4142,0,826.9692788
0.595157025,0.529692754,0.778936504,1471,0,3496.065493
-0.818220683,-0.070498778,0.457772866,420,0,4547.496439
2.092387276,0.486501644,1.674492433,4754,0,209.2430578
-1.006017381,0.064474415,-0.005596019,4159,0,805.1901968
-1.214188613,-1.975466566,0.668741656,1231,0,3735.71111
1.158110874,-0.939335394,-1.091700876,2678,0,2289.584036
0.791662694,-0.144087556,-0.387099702,4142,0,825.3235602
0.624119817,-1.209694743,0.695537758,3467,0,1500.213597
0.628345509,0.59992873,0.849102111,917,0,4048.136221
-0.012246773,1.530750832,-0.293966948,111,0,4852.911684
-0.897254371,1.218761852,-0.071599252,294,0,4669.661776
0.075804558,-0.213442871,-1.517873747,2637,0,2328.317288
-0.677161712,1.490726137,-0.357029201,2942,0,2022.860753
0.975119733,0.148667457,0.890383164,2329,0,2633.846582
-0.147057382,-0.337085971,0.575205016,3109,0,1853.755521
-0.825497197,-0.613402664,0.500665721,4851,0,112.6937547
-0.321385842,-0.302469686,0.049773687,2177,0,2787.267837
0.412931454,-0.388176819,0.007063159,3967,0,997.2360187
-0.563724553,0.170416222,-0.660321139,4973,0,-7.710351804
-0.822220396,0.160573981,0.69882842,543,0,4422.252466
0.243687211,0.00304602,0.420972944,397,0,4567.58476
0.244966571,0.43693817,0.492018848,944,0,4019.410836
-0.506943175,1.190646275,-0.526034843,1115,0,3848.253168
-0.471038306,0.949554135,-2.15334292,1484,0,3480.927995
0.232049937,-1.484897968,1.097152712,1497,0,3468.083691
-1.448084341,-2.553921135,-0.478837456,653,0,4316.564534
-1.407463774,0.934319911,-0.862775764,2450,1,2520.900453
-0.718444221,-1.366878698,0.693478912,4616,0,356.2922971
-0.213447152,-0.224765402,-0.39201264,1369,1,3604.122522
0.310907566,-1.170113026,1.059936384,1360,0,3612.921791
1.475356217,-1.801980438,0.61700595,284,0,4688.63141
0.857659623,0.541462728,0.683569323,4663,0,307.548718
-0.15993853,0.75915516,-1.365955711,2510,0,2461.315457
-0.019016208,-0.576510401,1.211943985,4531,0,439.6990397
-1.002529365,-2.591042292,0.261250531,2309,0,2665.031361
-0.018513136,-0.546244448,-0.369277139,3772,0,1202.965396
-0.288658639,0.391804005,0.143388467,4783,0,191.7188617
0.32271856,-1.478911569,-1.776235233,1981,0,2996.65129
-0.827230944,0.18335992,0.408652811,4396,0,581.8865082
0.519346514,-0.015309849,-1.029371508,621,0,4357.411843
1.532738913,0.5792915,-1.352670286,1987,1,2990.652483
-0.108760148,0.119580368,-1.522359186,2652,0,2327.164022
0.401711722,-0.973068941,1.112688375,3909,0,1069.622691
0.690143992,1.196571502,-0.629263394,4983,0,-5.634761388
-0.401220472,-0.158529573,1.53372771,4255,0,721.3912609
0.224092482,-0.02730454,-0.535801463,4773,0,203.7302745
0.012592401,-0.933267959,-1.707357958,4516,0,463.358308
0.097676099,-0.443282251,-1.11652444,3579,0,1401.820439
-0.773009784,-0.884802714,1.23581162,1509,0,3472.242439
0.024510174,-0.17294606,-0.155898178,1794,0,3187.546774
0.497998291,1.71170848,-0.548287296,4764,1,215.885354
1.451143608,-1.371901143,0.160018226,626,0,4353.646093
0.959270826,-1.613561398,0.501782736,2760,0,2219.798601
2.153182458,1.471170327,1.117398816,2272,0,2703.05685
-0.767347563,-0.209323677,1.44849923,379,0,4595.585022
0.872320637,-0.669072739,-0.359768646,3064,0,1910.741542
0.183342006,1.039904687,-1.326047686,4077,0,897.8443433
2.189802933,-0.60561554,-0.413465161,2769,0,2204.673621
-0.808298285,1.826009714,0.260280507,2993,0,1979.395629
-0.839721842,0.677925871,-0.963758926,1851,0,3122.521184
-0.599392645,-0.487911408,-0.957150915,4081,0,894.565639
-2.123895724,2.157308213,0.343787882,4869,0,106.1884387
-0.525755022,-0.605714923,-0.048652352,2461,0,2515.368561
-0.759132662,0.742095372,0.032796995,4527,0,449.3528013
0.150393786,0.29929258,-0.758495335,4231,0,745.6616102
0.341755976,1.301741289,-0.230400714,1808,0,3167.248514
1.876170839,1.561511197,-0.924233144,2786,0,2186.735065
0.950423838,0.032004149,0.890198411,2995,0,1975.862438
-0.576903656,-0.75341787,1.035249335,4635,0,336.1575106
-0.898414671,0.459972143,-1.846187862,2876,0,2097.442141
0.491919172,-0.67771537,-0.92951086,1219,0,3755.557448
-1.320233207,2.013387248,-1.496529255,3088,0,1887.360823
1.831458766,0.136535331,-0.650023934,4359,0,615.0428531
1.179440121,-0.365321551,-0.08343797,4343,0,630.3121725
-0.469175652,0.184680306,-1.44964522,294,0,4681.046313
-1.713134529,-1.34712629,-0.921859813,762,0,4217.028434
1.353872374,-0.971614039,-1.003957372,579,0,4400.650133
-0.114539845,1.200413908,0.207267329,4318,0,660.3569913
1.237816312,-0.656894279,0.069344337,1523,0,3454.706725
-1.594427659,-1.046910983,-0.721737553,2808,0,2173.069801
-0.599375023,0.536652753,0.176820872,3275,0,1705.955703
0.0052437,1.185704155,-0.546680085,3914,0,1066.311435
0.046980594,0.718953311,-0.27165511,2114,1,2865.817156
-0.450065471,0.996047686,1.67345209,3889,0,1088.597722
0.622849932,-0.756795089,1.340461052,4905,0,71.39120578
-1.067620429,-1.421810667,-1.299581237,2543,0,2437.180218
-0.142379485,1.501333652,0.829732418,1011,0,3966.991532
0.120295632,-0.322679839,0.811396554,3313,0,1664.382519
0.514438834,-0.250833016,-1.148263289,2464,0,2514.267177
0.711614878,1.328194142,0.818777644,3729,0,1246.40859
-1.124642092,0.556230009,1.537931918,3572,0,1402.43907
-1.534114171,0.455887772,-1.122544806,780,0,4196.639841
1.277676822,2.165002345,-0.917502821,4751,0,223.114665
0.332314012,-0.64351823,1.017661467,709,0,4264.408208
-0.748486537,0.927840128,0.271495311,2256,0,2716.957359
1.551151976,0.057013125,0.551476275,3966,0,1004.797717
0.115674634,0.268592279,0.340589216,471,0,4499.072861
1.179297184,1.528468426,0.390695921,715,1,4251.9744
0.067518481,0.507835756,-1.326472128,2353,0,2614.725518
2.060747925,0.538296079,1.047317707,4238,0,726.079156
1.755340842,1.072507337,1.169589992,964,0,3996.081718
-0.248964148,-0.36495273,-0.229390744,1368,0,3592.925025
0.971570951,-0.839209667,-0.04347695,884,0,4076.836141
0.64537595,-1.044809194,-1.531107503,4671,0,291.7666819
1.368631558,-1.966356589,0.514254756,4278,0,684.8501521
-0.964923461,2.05620713,0.572057442,2337,0,2624.186811
0.68605146,-1.103208366,-0.062191017,4154,0,807.666159
1.058424487,-0.221253624,1.12435336,4995,0,-35.29536527
-1.758739486,-0.2768133,-0.334077231,1035,0,3927.074265
-1.183258513,0.307406698,0.564605926,4080,0,882.3855106
-2.039232178,0.815737213,-1.019664339,2438,0,2526.62867
-0.269406834,0.860473488,-0.023552151,425,0,4539.061155
0.717542256,-0.583077439,-0.174354258,1634,0,3330.101045
1.502357052,-0.167121714,0.225307922,3580,0,1382.540502
0.07409478,0.28257995,-0.369526929,3961,0,1001.553354
1.628615546,-0.248691126,-0.131472596,2085,0,2876.304902
-1.380101458,1.607345576,0.826047171,4703,0,257.2516107
-1.703382439,0.490974952,-0.436764237,2878,0,2083.900782
-0.055547699,0.734877786,-1.606577101,1370,0,3592.828029
0.384065449,0.662881269,1.749583904,740,0,4220.031499
-0.032694748,1.173473857,1.381454079,4803,0,154.5092656
-2.0674421,0.181021559,-1.292262695,4178,0,782.6879489
-0.08912004,-1.296831948,0.689707805,4761,0,200.384193
-1.304469501,0.399687952,-0.502974771,1467,0,3495.791949
0.669672549,-0.651356894,0.263487215,4142,0,820.5101465
0.366598246,-0.528616682,0.294224129,2675,0,2287.377941
-0.939879786,0.586364019,-0.2344078,3703,0,1259.965864
-0.513866917,1.238283071,-0.783765666,1681,0,3282.025214
-1.059213522,0.021271577,-0.690541052,2086,0,2878.753697
-0.062679097,0.308833013,-0.916191915,2340,0,2625.423735
0.955142321,1.702214945,-0.831822208,4066,0,897.5981998
-0.985726046,0.240753179,-0.06717829,2205,0,2759.410351
0.504046516,2.601683114,-0.715759989,228,0,4734.020381
-0.530257618,0.565509646,0.682052066,4901,0,60.30307725
-0.792872832,-1.760762759,1.487246155,4096,1,866.3694667
-0.10703036,0.753341621,-0.580053241,951,0,4011.303209
-1.035242322,0.381158385,0.239404501,4203,0,759.7178881
-0.553649305,1.289752754,0.49968511,2176,0,2785.4821
-1.197877893,0.673181351,0.472002271,3094,0,1867.534794
1.964725133,-0.138455984,0.075955268,3844,0,1115.632569
0.035263552,-1.224298236,0.742682418,2856,0,2104.078922
-0.699725508,-0.209023257,0.482248953,1744,0,3216.505421
0.213979911,-0.850520454,-1.237662422,4471,0,491.3796244
-0.11232805,-0.58052345,0.869156064,3244,0,1718.20332
-0.2209696,0.588578404,0.887290837,342,0,4618.94842
0.6141667,1.669904504,-0.763286104,4185,0,774.4276351
0.75750771,0.39467153,0.037937835,270,0,4688.237518
-0.530501148,-1.195883062,0.683328993,752,0,4207.280573
-0.575818241,0.444602668,-0.20931382,3612,0,1347.621103
-0.275051697,1.196631487,1.072978048,1599,0,3358.626545
-2.301921165,-0.609782904,2.363872495,2199,0,2759.174376
-1.515191062,-0.134017167,-0.785986033,2258,0,2702.609571
1.366874267,0.014688195,-1.381044603,2072,0,2888.609053
1.644967714,-0.784898313,0.303818596,4025,0,934.4451648
-0.24903604,0.648280434,0.721562505,2358,0,2600.324358
0.576556963,-0.120948149,-0.230866374,4139,0,819.0996155
0.311250155,0.419532444,1.453260663,2135,0,2820.915572
3.078880808,-0.887492178,-1.3386058,3371,0,1584.062789
1.119574911,-0.4374583,0.692918623,957,0,3996.687754
-0.127917591,0.722381358,-0.605860821,3923,0,1030.699151
-0.955540441,-0.372833152,1.719377906,1149,0,3804.308147
-1.60644632,1.726963851,1.992515353,4090,0,861.195114
0.203463636,-0.399636186,-0.766656588,398,0,4554.157943
-0.756350745,0.224684726,-0.549557136,1023,0,3930.239166
-1.42225371,0.932590832,0.859587887,4332,0,620.8692413
-0.646572884,-1.418365733,-0.38713065,4406,0,549.3213105
-1.081548004,-1.760808812,-0.045411218,2899,0,2059.209079
1.687141635,-1.525656315,0.025388421,4975,0,-16.97779516
0.881639757,1.262584103,-1.919673156,4162,0,795.7976541
-0.007972641,-0.551858146,-0.013837746,4145,1,813.3713227
1.479944139,2.558199286,-0.689727774,1902,1,3053.022907
0.077368308,-0.564247599,-0.493122822,2813,0,2143.002909
-0.861284201,0.184551303,1.443632003,4606,0,349.23601
1.523124077,1.542109953,-1.256506894,2953,0,2000.427283
0.538910044,2.006092888,0.813205187,2757,0,2193.069075
-1.037246154,2.061503577,-0.27896293,4622,0,327.3237803
-0.190338678,1.208366231,-0.279760168,3446,0,1502.585513
-0.875618253,1.024062526,0.790371896,1571,0,3376.646697
-1.382799731,0.592526949,0.340051295,3049,0,1899.096918
0.926177548,0.778361076,0.570612997,1041,0,3904.821767
1.90941664,-0.551185716,0.968184661,2007,0,2936.495351
-1.398567574,-0.818198883,-0.331308383,4937,0,9.043425852
0.562969237,-0.003374457,-0.612236735,1343,0,3603.096068
-0.650642569,-0.170184623,-1.085150527,4523,0,425.0020455
-0.487125384,-0.453228049,-0.82541053,1566,0,3383.767809
-0.592393924,0.696387447,2.949094425,4057,0,889.7147215
-0.86399077,0.955305209,1.244679581,2066,0,2879.378728
0.048521628,0.088406886,-1.351074366,475,0,4471.592873
-0.830950116,1.477530081,-1.322457957,362,0,4585.268751
0.270456826,-1.141689114,0.481866062,4462,0,485.6581176
-0.050238109,-0.193659459,0.547264797,3488,0,1459.35475
-0.238948047,-0.716822321,0.548883835,3495,0,1452.761637
-0.907563662,-1.866536617,-0.254955794,2044,0,2906.790693
-0.576771331,-0.082680686,-0.12545426,1993,0,2958.575599
0.755391226,-0.121747508,0.327879524,3734,1,1216.614076
0.500917188,1.513449743,0.085893006,1752,0,3196.513816
-0.977555245,0.630811685,-2.219300373,4241,0,710.07986
0.099332305,-1.024186824,-0.229799631,3992,0,960.2345141
0.751387123,1.854092566,-0.851406434,699,0,4251.480441
-1.669405281,1.221033696,0.175211419,4915,0,35.75360106
0.543360192,0.582097703,2.985259003,2012,0,2934.642884
-0.662623759,-0.226484099,0.367481665,1392,0,3555.16451
0.570598669,-0.959439237,-0.313529686,700,0,4247.866881
-0.763259157,-0.372206776,0.921801502,480,0,4468.080545
-1.804882101,1.08874862,0.482687887,4313,0,635.3139906
-1.627542438,1.884586306,0.42009449,3737,0,1210.636852
0.048084947,1.543243528,0.606850593,2263,0,2682.438673
0.259722502,-0.488849422,2.056543565,4455,0,488.6112566
-0.904316625,-1.119617433,-1.130888435,1198,0,3748.766079
0.638592459,0.140886247,0.473632077,465,0,4480.512968
-1.661520062,-1.768439366,-0.92638113,2670,0,2279.869309
-0.066079799,0.323167714,0.555512646,3519,0,1430.056708
-1.2110162,-0.147602586,-0.918686511,2576,0,2375.334014
-0.651836108,-0.466036502,-0.417366814,890,0,4062.869253
0.047398671,-1.594703067,-0.295089914,3669,0,1285.711647
-0.860413365,0.513600107,0.975816719,846,0,4108.082644
-0.384555544,-0.53270084,0.918454444,412,0,4542.081446
1.006292809,-1.169916836,-1.245717376,4733,0,222.4907872
-0.57689187,-2.872262213,0.054934111,1020,0,3938.885007
0.835692112,-0.027514905,-0.709579855,1177,0,3781.78641
-1.129706855,1.772251597,-1.258504911,2929,0,2030.40237
0.529804178,1.661259215,-0.21701705,2481,0,2476.428324
1.441568621,-0.457096257,-0.308482788,3718,0,1238.752334
-2.4716445,-0.60221206,2.426716486,897,0,4060.399474
-0.796895255,0.468774256,0.432959825,4543,0,414.2946353
0.577072127,-0.998385439,-1.377617501,372,1,4587.093566
-0.203045386,0.3017919,-0.564774004,3110,0,1849.559594
0.371145873,0.766080278,1.021383295,4915,0,42.40098415
-0.603985187,1.226933224,2.088442773,1873,0,3081.689593
0.086589787,-0.100154076,-1.585983312,2647,0,2309.289141
-0.155677235,-0.20367375,-1.879924385,3264,0,1694.528416
1.167782062,-0.877982587,1.870965175,4880,0,76.36765167
0.254420843,-0.826880354,0.389614177,4817,0,139.550497
0.337602662,-0.226478892,-0.868292732,1046,0,3911.307666
-0.411876966,0.367365507,0.534629086,2765,0,2191.817548
-0.487606224,0.913584626,-2.635747739,606,0,4353.027318
-0.432558188,-0.803178951,0.003375507,343,0,4617.259679
0.394452142,1.492688569,0.327821173,605,0,4353.044717
-0.420984481,-0.271123601,0.92427014,4617,0,340.8125554
0.289774857,-0.021367294,-1.013895952,3258,0,1700.558044
2.075400799,-0.747211679,0.085687161,3690,0,1267.144167
0.871124703,-2.42424026,-0.925424626,1972,0,2987.622708
-0.326023532,0.884045396,0.255383756,3893,0,1065.809302
1.201213922,0.736843897,-0.895346322,1292,0,3665.766591
-0.408075373,-0.281327557,-0.408100839,4525,0,433.8640943
-2.038124535,0.066990717,-0.995815395,4845,0,116.8310435
-1.008086311,0.515939218,0.651136242,1564,0,3397.672054
-1.870791921,-1.562545857,0.858451117,490,0,4474.246941
-0.351513484,-0.529052677,-0.23462057,4576,0,389.3621278
0.018418379,0.79426468,0.038237995,3477,0,1487.511207
1.676437312,-1.254289423,-1.448591415,4937,0,28.53765023
0.326927374,0.293557932,-0.299676648,772,0,4193.216842
-0.219100529,-1.356581805,-0.050204617,2660,0,2306.842729
0.829405581,0.466429982,2.620793091,1311,0,3651.9261
-2.211135309,-0.035641482,-1.111967026,1029,0,3937.284844
0.235614558,-1.615131816,1.464177239,1639,0,3327.200184
0.770865194,1.164739354,0.996858773,1012,0,3951.26772
-1.478586246,-0.734591577,0.280636404,743,0,4222.200262
1.143754043,-0.810252437,1.758620484,4622,0,341.1081397
0.338496407,0.200569197,0.372105473,601,0,4361.196969
-0.415287914,1.148637349,0.389159196,829,0,4132.07446
0.632781866,-1.015821819,-0.053120653,1383,1,3578.510621
2.270692858,0.06167985,1.223568882,2218,0,2739.954679
0.181866255,0.4288165,1.096469234,4652,0,304.247527
0.248220586,0.693105607,-0.625677287,4486,1,469.9318781
-0.4593609,0.176441555,-1.319247195,3936,0,1021.534045
-0.849844369,-0.367027839,-0.202980637,1019,0,3939.953898
0.830335817,-0.827590221,-0.800038564,4150,0,809.7511905
-0.856083826,0.086143883,-0.063524575,2439,0,2521.584655
0.071566237,-1.072139012,1.237438135,855,0,4105.34779
-0.477657447,-2.921350483,-0.457301655,1969,0,2995.204099
0.478979826,0.436559804,-0.042823381,4572,0,391.331383
0.333662105,0.903934841,0.058022735,607,0,4355.035763
1.037539944,-2.362932436,0.848430882,1536,0,3426.512725
-0.510016399,-1.009730705,-2.246889334,2675,0,2291.279361
-0.269874935,0.619154261,-0.606700295,3526,0,1440.536782
-0.978763716,2.05749547,0.211283692,658,0,4307.246767
-0.44429326,0.020793708,1.200078956,3202,0,1762.470187
0.377300493,-0.728002941,-0.491902448,4616,0,349.3127924
0.756988617,-0.182896441,-1.876552706,3722,0,1244.615253
-0.922165324,1.374876419,0.619711446,4499,0,466.5428303
0.86960592,-0.645964179,-0.635362389,4157,0,808.954551
1.355637859,-0.799192007,-1.189666659,3815,0,1151.587772
0.413434903,-0.482743522,-0.62434539,1401,0,3566.281426
1.876795813,-0.953328608,-0.184525358,2255,0,2711.542484
-0.773789199,0.122670316,-0.604744665,792,0,4175.798348
-1.244654703,1.624678458,-2.205566057,4450,0,519.6238898
-1.778720249,0.323079273,0.897066197,1578,0,3392.182465
1.496044311,-0.252353502,1.274875041,356,0,4611.663899
0.654365656,-0.291811269,0.651521991,2530,0,2436.649822
-0.055584671,-1.563190809,-1.13768567,541,0,4428.406284
0.279968626,0.883109777,-0.201491534,1981,0,2987.444697
-1.125489047,-0.077837197,-0.006521315,2746,0,2223.654544
2.44575198,-0.180479914,0.59879439,3920,0,1046.790478
0.129221182,3.193107568,0.668340489,4777,0,185.7998085
0.109394795,0.298752908,-0.734173799,1835,0,3128.125835
0.725766624,-0.75179105,0.081995556,3835,0,1128.069863
0.481009232,-0.426357596,0.457280405,2745,0,2217.557931
0.223884024,1.148445709,1.455822322,118,0,4841.729779
-0.790474455,0.113270411,0.70450654,1224,0,3735.702477
0.471468357,-1.438277978,0.789056687,4085,1,874.8802298
1.882024496,0.919228935,0.083826628,2754,0,2202.99515
1.345420046,-0.668144086,1.410459145,2180,0,2774.907415
1.593186627,1.873297776,0.409762796,1647,0,3304.031167
-0.511215676,1.080048066,-0.86108791,961,0,3990.323423
-0.98960482,-0.447321896,1.40336997,254,0,4697.35698
-0.12578692,1.281016362,0.697903273,3594,0,1355.503847
0.055724912,0.067855511,-0.443044021,1004,0,3945.823311
1.094191518,0.852773675,-0.479492967,1369,0,3579.355838
-1.69246463,0.484732817,0.296575545,504,0,4445.266995
1.529550319,-0.846356655,0.463184795,943,0,4005.120616
-0.158007899,-0.643549832,0.197292266,1882,1,3066.724882
-0.42688107,1.029960818,0.311308673,1664,0,3283.810493
-1.012104375,-0.334775332,1.699957375,1284,0,3663.457416
-1.654856672,-0.403648463,1.071543152,846,0,4102.444378
0.823170584,-0.955122579,0.190635591,1825,0,3123.385694
0.073317967,0.423599066,0.941310581,3288,0,1658.947466
-1.2899609,2.062524919,-1.032523904,370,0,4577.207426
-1.295078772,-1.067532914,0.39792705,4965,0,-15.82788915
-0.335784699,0.024219457,1.80930635,4056,0,891.6743697
1.669021525,1.412220555,-0.218045895,271,0,4673.811174
-0.259591351,-0.079641391,-0.847633929,373,0,4572.99804
-1.503142953,0.452371796,-0.652088889,2406,0,2541.7009
-0.245743064,-1.062393528,-1.089633037,1258,0,3692.09867
-0.27272357,0.428307097,-0.784761908,1806,1,3144.727848
-2.696886643,-0.187144265,-0.370508099,1871,0,3082.982387
-0.054294867,0.985729996,-1.405567019,521,0,4433.456519
-0.23093453,1.187386052,0.015618334,1309,0,3644.484449
0.696206365,2.589563642,0.902277174,4775,0,174.2964021
1.848956095,0.579633173,-0.90775618,990,0,3957.775569
1.12656503,0.325796317,1.519283924,4917,0,27.80392379
-0.268888691,0.194384302,0.510792089,3367,0,1577.367636
-1.106525909,-0.353166293,1.030580586,1573,0,3371.796748
2.573359803,0.338483843,-0.657834554,3343,0,1599.542739
0.059218434,-0.29540141,0.854525227,4578,0,363.9243964
0.013929292,0.168460976,-1.0919339,2281,0,2661.83394
-0.024125087,1.317597536,0.890247501,1549,0,3391.65022
0.198084761,-1.006542565,0.17183934,3196,0,1745.286839
-0.144360412,1.139878561,0.55325122,3356,0,1583.738069
-0.573662007,1.317115067,-1.175594606,3256,0,1684.170211
-0.546858941,-0.118068527,-0.895069842,1690,1,3251.730208
-0.03275327,-2.121854899,0.597228218,4339,0,604.2875879
-0.543424771,-0.607821987,-0.948348004,4081,0,864.3871827
-0.712845783,1.296994547,0.463206292,1535,0,3409.339828
0.106430228,-0.022868062,-1.367137806,323,0,4622.623403
-0.254977217,-0.999302232,0.848174213,319,0,4627.029509
1.503992989,-0.504774921,-1.232523315,4374,1,572.2628138
-2.650969808,0.840620027,0.552299938,1754,0,3193.520864
1.091506852,0.546733568,0.625630934,4628,0,317.2569923
1.246085192,-0.238932099,-0.696771818,364,0,4580.946611
-2.073390232,-0.366824412,0.582026567,1053,0,3893.804799
-0.342687594,-0.391758149,0.260442263,4624,0,323.2788026
-0.371440866,-0.922410184,-0.538841856,3833,0,1116.111495
-1.407511695,1.615375689,-1.008554684,2874,0,2075.912186
-0.777816688,-0.322320469,-1.962625692,3224,0,1728.974949
-1.110575845,1.217158521,0.349650047,579,0,4373.518716
1.752270443,1.521316052,-1.564802771,3614,0,1336.809933
0.935678393,0.998310898,0.095344199,1453,0,3495.780599
1.271555095,-0.431620313,-0.263448216,3422,0,1526.204112
0.721672064,0.40373009,0.679142775,3978,0,968.3995676
-1.129051771,-0.024195606,-0.302045499,989,0,3958.85486
-0.524520266,-0.903701861,-0.329447786,3954,0,995.6125304
0.489374561,0.324359282,0.731870704,1024,0,3924.066926
-1.222127809,-1.179039791,0.335058029,2270,0,2680.133035
0.71299843,1.187679388,0.316155957,2002,0,2945.916202
-0.240325398,-0.464617297,0.46926759,4973,0,-24.84812329
-0.374820808,0.201159656,-1.535572123,2495,0,2454.86111
0.710959968,0.283287872,0.75678868,128,0,4820.110073
0.444263311,-0.258904974,0.612468794,134,0,4813.312246
-0.360966166,0.586693801,-1.016683129,3689,0,1259.103202
1.159329803,-0.474903657,-0.244080474,2770,0,2177.662856
-1.081063328,0.871297297,-0.039307288,3465,0,1482.911929
0.615935607,-1.34597968,-0.134496784,688,0,4260.77647
0.593101258,0.12637958,0.333859967,3318,1,1629.72313
-0.309546439,1.938928999,1.431366782,3238,0,1706.66238
0.326133022,-1.000331325,1.081766728,1003,0,3941.254812
-1.251113576,-0.677744971,-1.312219193,4186,0,761.4958895
0.924027019,0.51390785,0.62206999,2269,1,2676.435885
-0.184902136,0.179581782,1.32893332,439,0,4505.112272
-0.522723021,0.350630099,0.386808521,4370,0,573.8975561
1.049009226,0.48918713,1.090980425,1814,0,3127.268379
-0.704343691,0.634721469,2.012270446,4792,0,147.3257311
-1.408461296,1.109699842,1.023709546,4646,0,292.600783
-1.556629174,0.409818657,0.249308596,656,1,4283.498285
0.606009951,-0.241257655,1.045088474,3187,0,1751.088444
-1.280429352,0.672573701,0.144887833,3366,0,1572.551412
1.754794182,1.899881935,0.023903043,3667,0,1267.872833
-2.081929408,-0.132633746,-0.351414236,2156,0,2781.43881
1.696456368,-0.974529305,1.563413359,3999,0,936.1534698
0.211017467,1.107080669,-0.818428666,1116,0,3818.6538
-0.096713112,-0.120381164,1.532367725,2162,0,2771.338527
-0.544919087,-2.172669546,0.499864124,938,0,3997.556251
0.399136114,0.847421677,-1.399306175,1737,0,3198.709
-0.037634702,-0.535328186,0.367649293,4421,0,514.9143133
1.103301882,-0.090533282,-2.100026508,3596,1,1341.001571
0.114227649,0.331980331,0.625508017,1913,0,3022.929855
0.150301761,0.19049968,0.885231483,3579,0,1355.703822
-0.363612212,0.709451817,-0.592355956,1551,0,3383.950339
-0.056945624,-0.435486371,0.123547696,2413,0,2522.319223
0.307801769,0.513105798,1.954157434,1614,0,3318.544158
-1.710168393,-0.259546678,-0.505746704,1331,0,3604.01962
-1.348185422,0.738810481,-1.058907587,1745,0,3191.687902
0.743264094,0.615367484,1.481663402,3099,0,1834.847607
0.170865438,-0.935438702,1.962587191,3540,0,1392.649593
-0.183983336,1.085982116,0.003695672,4156,1,775.7438989
0.018433933,-0.535963445,1.011463035,405,0,4526.249965
0.347581705,0.808057798,1.341475916,3636,0,1292.75285
-0.53975968,0.367287313,-0.742484233,1823,0,3106.667807
-0.778304725,1.838183677,-0.485305835,1789,0,3140.093233
0.195845255,-0.223465982,1.230874513,1617,0,3310.88998
-0.978372778,-0.349316796,1.685014279,4017,0,910.5326549
0.408252756,-0.019419606,0.56288086,519,1,4407.580941
-1.702583604,-0.303179783,-0.879814354,3036,0,1893.466519
1.029155637,0.799941902,1.987061112,3962,0,963.65036
0.472597482,-1.616310608,-0.530970898,4329,0,598.3250441
0.256029734,-1.053682419,-0.335137781,1550,0,3378.457835
0.982690984,-1.067802922,0.342337834,3196,0,1732.200609
1.665474444,0.950307592,1.554160421,3361,1,1563.030666
1.014370065,1.710613373,0.853975977,1264,0,3656.451707
-1.840874231,-0.104449219,0.4148655,1969,0,2952.982165
-1.279576967,-0.168821723,0.46328853,1919,0,3003.967275
-0.624818578,0.070052163,0.043514669,2805,0,2118.478527
0.02609105,1.161878303,0.558139515,3615,0,1306.732418
0.51765902,-0.927353134,-2.529560078,1442,0,3482.671672
-0.725743813,0.238368983,-0.296607459,2326,0,2599.455654
0.186766764,0.97519763,0.241321935,1179,1,3745.052368
-0.755382932,0.50109417,-1.151014084,4306,0,619.4576707
-0.611517803,0.189581617,0.386323318,4663,0,262.4932836
-1.406661097,1.001046093,-0.204471221,2879,0,2047.10337
-0.923233246,-2.703232293,1.755475698,2628,0,2299.97436
-1.351684606,0.67787532,1.573019725,913,0,4014.075149
-0.975873253,-0.654075683,-0.465805569,2131,0,2798.170904
1.053641797,-1.830632897,-0.150837712,422,0,4508.098733
-0.949398889,0.5112026,-0.073947566,3069,0,1861.610876
2.632382065,1.373658545,-0.451659476,1003,0,3924.056495
0.493317901,-0.137448515,0.195024984,1641,0,3285.505601
0.184836124,0.952874547,-0.758282069,3603,0,1323.126172
-0.85835778,1.612278258,-1.130615335,2753,0,2173.502867
0.700309879,1.314914454,0.622711224,2576,0,2347.864932
-0.575637826,1.639964529,0.629529584,3440,0,1482.171075
0.122009815,0.742127491,-0.80431576,4343,0,579.1112538
2.560084538,0.075433639,0.895355431,1241,0,3677.58038
-0.0960599,-1.601965812,-0.631577729,949,0,3971.909984
1.149273326,-0.246062488,0.253165238,466,0,4453.753608
-0.703176425,-0.843246595,0.820344013,2997,0,1923.479687
-0.03498849,2.170942717,-0.033612565,1189,0,3729.377345
1.770800636,-0.175885812,0.454740912,4141,0,775.3276891
-0.626967058,0.123204807,-0.516429644,2138,1,2779.347881
1.812448558,0.551485376,-0.196466583,2960,0,1955.180414
0.707751935,0.043602446,-0.205859431,4370,0,544.6349187
-0.562466776,1.69505104,-0.746578347,1954,0,2960.248913
0.632407739,-0.622649362,-0.176774163,4783,0,131.4159286
0.97255445,0.194607455,-1.548618299,594,0,4320.797385
0.621809962,-0.742470586,-0.491153747,3282,0,1633.409199
-1.57022472,-1.320022511,-0.284875493,1884,0,3034.584322
-0.727137176,-0.611769091,-0.256179752,3610,0,1310.179408
-0.247518636,-0.037036797,-0.241497446,3886,0,1034.705461
-0.074433429,-0.429302225,-0.0617642,4230,0,691.2709608
0.620672098,-0.69242098,0.479441518,1098,0,3822.863268
0.177701001,-1.406317464,0.874517074,4569,0,352.2173676
-1.335344359,-0.083105573,-0.649765227,1551,0,3372.285583
0.380197851,-1.504720374,-1.203200855,1851,1,3074.613306
0.610585745,0.760055964,-1.042044412,2380,1,2545.284709
0.559790448,0.082439753,-0.487202921,4900,0,25.12968155
1.080780726,-1.457551499,-0.351921318,4758,0,167.8583736
0.833922155,-0.309209077,-0.769996066,3034,0,1892.103657
0.459180079,-0.752156406,-1.296116664,3834,1,1093.69275
-0.070165711,0.31917451,-0.456120827,3446,0,1481.899862
-1.660960934,1.340450446,0.18142662,1973,0,2955.038946
0.429618219,-1.87517247,0.595029466,4634,0,294.8894703
0.207687687,0.115026079,-0.557423053,3903,0,1026.12418
0.271578837,-0.160132796,-0.412997822,2079,0,2850.425731
-1.276748576,0.671340076,-0.926698309,798,0,4132.957838
-1.08105654,0.213196628,-0.03143917,1412,0,3519.857137
1.053152853,-0.751969332,-0.848428634,3062,0,1870.404382
-0.039555154,-0.319053936,0.573127813,3038,0,1894.189864
0.681500697,-0.796025857,-1.785866492,4887,0,47.0902553
0.028318376,1.076007139,-0.359629672,2400,0,2533.345559
0.029756139,0.021311649,0.301107339,3297,0,1635.993384
0.938283806,1.901190686,0.183834516,226,0,4703.970075
-0.516044728,-0.060660814,2.693033664,1291,0,3636.853747
0.096120777,-0.708406767,0.349800025,2739,0,2189.116233
-0.462275289,-1.513714393,-1.004054597,4489,1,442.0962774
-0.434496227,-1.803139676,-0.095464247,4016,0,917.4293776
-0.309172123,-1.584135943,-1.776246333,1466,0,3471.098932
0.222133772,0.267126651,-0.080599749,1119,0,3817.690271
-0.478748622,0.508725023,-0.833056057,4179,1,758.493351
1.255756126,-1.581190702,0.915390276,4614,0,322.9033953
-0.894607302,0.895038314,-0.549540275,4639,0,298.4525045
-0.186871644,-0.483061052,-0.116765916,784,0,4154.239203
-0.439731058,0.146793012,-0.635557841,3729,0,1210.167699
1.446977884,1.612220628,1.738851352,2987,0,1947.369649
0.196554777,0.896839316,-0.321242766,1562,0,3371.597498
1.031844539,-0.268530648,1.832557043,4186,0,745.0016269
-1.485560373,-0.891192225,0.814151762,2361,0,2571.564228
0.267050266,-2.151815401,0.482066727,4280,0,653.9669262
0.889630796,-0.719153319,0.368733147,2941,0,1992.427716
0.082283989,-0.211130239,0.393797298,1867,0,3066.162764
1.065480375,-0.987179527,-1.927672579,4280,0,655.0121362
-0.51728845,-0.131256967,-0.278883394,3660,0,1275.939565
1.40934744,0.076851883,0.845157971,2212,0,2721.608208
2.298898124,-0.224855982,-0.048897183,4858,0,73.58306277
-0.36283856,-0.650002581,-1.405189847,726,0,4208.001094
-0.445502521,0.168654672,-0.052404451,4259,1,675.3303461
1.453384477,0.44194065,1.704105516,3514,0,1416.730915
1.579572146,-1.090399077,1.246891716,1475,0,3453.994851
-0.522860027,1.41093238,-0.062004009,1281,0,3647.168782
-0.420186817,-0.098588132,0.951449277,590,0,4337.736108
-0.281784609,0.018849623,-0.36650702,3829,0,1099.36555
-1.344450511,0.708214423,-1.703871587,3634,0,1296.705658
-0.918651946,0.233216131,-0.924465988,3396,0,1536.315559
-1.004140767,0.953136634,1.562888769,2040,0,2890.803675
-0.767797565,0.287124165,-0.273993082,4508,0,423.5583413
-0.034684887,-0.612437375,-0.243383979,1982,0,2950.448848
0.234214733,0.361503525,-0.299838196,3087,0,1845.152967
1.550500493,-1.143726207,1.90413659,3259,0,1670.842057
-0.998354041,0.108559706,1.625958915,4875,0,54.10589202
0.984322398,-0.033229991,2.218780233,4630,0,295.9360194
-0.213988844,-0.208116857,-0.15904521,781,1,4145.51717
-0.04946371,-0.128537511,0.295624489,1173,1,3753.399547
0.674819492,-1.881849045,-1.516642549,2487,0,2442.123219
-1.122722022,-0.548724908,1.476934426,2494,0,2435.317732
0.382409746,0.092844901,-1.167779551,2793,0,2137.010257
0.166452208,0.159856392,0.216775564,1470,0,3459.467172
0.492451264,-1.027675141,-1.097302528,4844,0,87.09969877
0.289168644,1.265707841,-0.588866827,4440,0,490.1336891
2.45530014,-0.866174848,-0.837262431,2256,0,2673.381826
-0.637739984,0.969457201,-0.607875261,2680,0,2249.657984
-0.530996955,0.427194362,-0.539122703,4491,0,439.3009096
-0.623140526,-0.64622731,-0.548268795,2259,0,2673.118546
-0.555477119,1.775310893,0.833333912,3348,0,1582.065379
-0.637387127,-1.193636832,-1.104862793,3831,0,1102.001265
1.189016531,0.919154174,0.220541427,3929,0,1001.672553
1.420504248,1.000582318,1.217959152,1727,0,3200.033507
-0.570746294,-0.670620209,-0.513196365,3572,0,1356.78807
-0.832355573,1.3924653,-0.717918891,127,0,4801.945879
0.471415556,-0.250046515,-0.230524625,2085,0,2843.955035
-0.552223044,0.288693629,1.179725208,4253,0,675.0388393
0.632931818,0.260321839,0.194107631,1621,0,3305.951478
0.202923021,-0.134308741,-0.531214295,396,0,4531.414078
-1.515744115,0.810808273,0.483876651,2281,0,2646.635137
1.547505201,0.793488721,-1.10229215,3502,0,1424.396435
1.795877673,-1.748531973,0.68135951,2396,0,2529.66773
-0.61278869,1.304340243,0.408607308,2697,0,2227.567571
-0.38770156,-1.662491988,-0.307808471,1001,0,3925.925573
0.285865391,1.032546204,-0.838585798,1198,1,3728.445748
0.33445679,1.126705137,-0.886680922,1777,0,3148.871267
0.658544273,-1.09096643,0.534817336,2981,0,1944.768871
2.010204539,-0.410814288,1.228980502,4966,0,-43.05949938
-0.176947227,-1.105704668,-0.637307747,1478,0,3446.86046
-0.798297245,-0.21492103,0.458386704,1348,0,3577.415292
-1.379319228,-0.308034284,-2.087027019,3835,0,1094.189672
-0.73093004,0.779660532,-0.584617731,4341,0,588.7255596
-0.033126973,1.310308746,-0.031058933,1364,0,3564.479437
1.794557864,1.395683811,-0.909683417,2007,0,2919.198879
-0.517611299,-0.562168027,-0.936506375,1158,0,3770.215164
0.223787952,-0.209221874,-0.667779556,2849,0,2079.868378
-0.016422896,-1.683438192,0.292192728,2148,0,2782.276046
1.188393273,-0.805870066,-0.187329018,4348,0,582.0808519
2.526932426,0.964851633,-2.238231233,2576,0,2352.827299
-0.530868773,1.615582824,-2.120700153,4116,0,813.8632851
-0.489439443,-1.234348872,-0.606865178,4703,0,229.1939386
1.044160877,-0.592464259,0.457686586,3297,0,1634.284555
0.68189149,-0.026405757,-2.747504843,4686,0,247.3765745
1.846707326,0.280161159,-0.499730176,3653,0,1278.749436
0.583928185,-0.80960352,-0.526247857,4540,0,392.5013594
-0.359292091,0.424061044,1.388337778,1861,0,3070.048253
0.590654831,-0.473839347,-0.385021812,320,0,4611.316459
1.108703581,-0.014452271,0.382988985,4918,0,11.83921872
0.820482181,0.546284248,0.14125714,4723,0,205.3311951
0.507274031,0.00642227,-2.13056648,2988,0,1941.948065
1.06667469,-0.436385891,0.768207217,1764,0,3164.549569
1.16929559,-0.109609804,0.215396505,4086,0,841.274487
1.382158991,-0.088362959,0.50826864,4676,0,249.4724223
0.648709888,-0.37001103,3.926237706,3077,0,1844.267486
-0.16711808,-0.258796063,-2.084112939,1971,0,2952.777513
0.146713686,1.598647171,1.72469665,1562,0,3358.307455
1.206508967,0.560919448,-0.287447519,444,0,4474.827474
-0.816935671,-0.295480318,0.287328904,144,0,4775.652562
0.368673309,0.696954405,-0.045512245,2168,0,2750.632446
-0.393338812,-0.33381949,-0.424236333,1614,0,3305.783841
0.028744823,1.173124638,-0.569832928,2698,0,2221.151804
1.278451863,0.369642192,0.329508736,1101,0,3816.174201
0.191099068,-0.107302144,-1.517173697,1133,0,3785.607578
0.046436548,0.447716926,0.750579168,2140,0,2777.362846
-1.359856141,-1.570876152,-0.416194405,373,0,4547.709772
0.746253566,-1.126767469,-1.130069339,2747,0,2175.220355
0.645484181,-1.193925006,-0.450012858,1879,0,3044.218809
2.163254723,0.142943095,1.257149217,4576,0,343.6554621
-0.307778235,1.732514999,-0.535335087,578,0,4340.76606
0.219150328,2.231300146,0.358453618,615,0,4300.957156
0.249383684,0.638051101,-0.730956276,4386,0,529.8006778
1.57745328,0.500844475,0.75792185,1291,0,3621.964458
-0.095295532,-1.801057734,0.685507739,2768,0,2146.175304
0.279021526,-0.5426738,1.848608833,1511,0,3401.590347
0.60789651,-0.787783752,-0.175563945,3380,0,1532.945798
0.186609123,-0.620847598,0.668654805,371,0,4541.711382
-0.446433615,-0.168143819,0.09806754,242,0,4671.227892
0.194089993,-0.472090578,1.295871782,3432,0,1480.210021
1.07363175,-1.97929981,-0.718832388,887,0,4026.834521
-1.026515299,0.747910256,0.745005313,1781,0,3132.368121
0.132969674,-1.072743026,-0.194697296,722,0,4192.502592
-0.700120815,0.239246864,-0.064188177,3941,0,974.0276537
1.195046629,2.07408267,0.091752484,3776,0,1135.666772
-1.523186905,-0.919384592,0.252240396,2672,0,2241.857103
-0.558921847,-2.530287523,-0.116229043,3360,0,1557.062541
0.377211875,-0.286004222,0.214713183,4812,0,104.7566206
1.565524029,1.100959635,1.578118058,166,0,4746.512019
-0.065750261,1.958347454,0.985449686,4386,0,523.633972
-0.555199527,-1.229549594,0.869154592,4716,0,194.5495665
1.881157069,0.496699223,-0.455539526,1240,0,3668.62725
-1.4480139,-0.465310457,-0.889240828,2414,0,2497.429815
-2.198805957,-0.105948354,0.955300558,2632,0,2280.779269
0.44001445,2.644343347,0.876046793,3680,0,1228.818864
-0.502054224,-1.502970328,1.472670676,1287,0,3622.351218
-1.021232817,0.253739661,-0.603980626,4571,0,339.7226918
0.708356447,0.467693172,-0.229548655,4848,0,61.77619081
0.243800714,1.085786325,-1.639484163,3439,0,1471.086088
-0.564078631,0.097983153,-0.392471106,648,0,4262.944655
-1.280304399,0.30805054,0.996570511,4187,0,723.9203379
0.872457328,-0.391648567,-0.466495379,172,0,4738.906024
0.650201178,0.269126941,0.640479795,298,1,4611.346217
-0.099175864,-0.343192275,-0.190503106,3301,0,1608.979088
1.846636996,0.62157189,0.324057028,1881,0,3026.186822
-1.070084766,-0.369610336,-1.14769139,671,0,4238.774208
-1.525525171,0.377100394,0.08520945,890,0,4020.837424
-0.69190807,-0.029262814,-2.991135971,1738,0,3176.549731
-0.045586016,1.126050251,-0.186896158,1931,0,2982.656162
0.243339449,-0.051393724,-1.630473244,1955,0,2960.09469
-0.241236058,-1.773032468,1.205994517,1274,1,3641.902964
0.352055397,1.261921501,0.777407353,3840,1,1073.51158
-1.251539424,-0.905732301,0.466670982,3377,0,1538.202181
1.443764604,-0.653766339,1.521006227,278,0,4634.891176
-0.082151178,-0.595661294,-0.948916521,2344,0,2570.517905
1.117295832,1.374438093,1.747363198,4186,0,724.2788079
0.342725346,-2.135674214,0.932191564,834,0,4077.139565
0.456753219,3.137748534,-0.236555287,898,0,4009.781619
0.56976728,1.056056809,1.135620147,887,1,4018.020174
0.44770856,0.223238914,-1.106293512,2895,0,2010.455521
0.64272276,-0.054894001,-0.824514162,4404,0,501.6922059
1.32915253,0.285554075,-0.608589723,4688,0,216.6860891
0.19652117,0.521122428,-0.528977708,3184,0,1720.497423
0.709003758,0.645215586,-1.056557643,3018,0,1886.199761
-0.089735694,0.555604466,1.223083067,831,0,4071.51081
1.440117215,0.089580681,-0.2588544,1229,0,3672.239966
-0.676392302,-0.19733842,0.352504968,3546,0,1355.761192
1.800940433,-0.151273284,-0.570351366,1705,0,3195.681876
-0.040157951,-0.19490828,-1.820603301,3878,0,1024.737546
-1.430775102,1.133770097,0.270057358,2845,0,2057.764493
0.128104415,0.593556722,-1.912254975,3270,0,1633.955087
-0.681051657,-2.940388635,-0.068634046,4789,0,118.6451615
0.840643549,0.655900777,-1.368315039,3033,0,1874.516932
-0.652623979,0.194736195,1.987275999,1315,0,3590.987544
-0.446183433,-0.018708756,0.911362722,424,1,4481.541073
-1.889540731,-0.388518453,0.105753791,1950,0,2957.713379
-0.452306319,1.12411272,1.263706678,1590,0,3315.777866
-2.423879327,0.947526462,-0.846315977,993,0,3915.100535
-1.583902823,-0.772877668,0.543479379,1490,0,3419.913836
0.760414656,0.407052287,0.199810434,3489,0,1419.546558
0.785800159,-0.971656735,0.264020081,4339,0,569.4683948
0.425457562,-1.379618165,1.2723535,4579,0,329.1502019
-0.966976143,-0.626717225,0.732492103,2363,0,2546.011403
-0.047711356,0.862393472,0.288723663,3532,0,1375.907997
-0.003602539,0.953125045,-1.654887436,2471,0,2437.613362
-1.158364689,0.51308542,-0.960046295,3186,0,1724.218688
1.503398302,0.725095787,-0.122708934,4412,0,496.1129027
0.877362291,0.516178287,0.093372374,1615,0,3291.62599
-0.220964174,-0.641481595,-1.130203725,3017,0,1891.618639
0.026885839,0.431922545,2.411676676,2452,0,2453.748154
0.208382808,0.800409525,1.516394055,1267,0,3636.222968
-2.041734868,0.75429133,0.60211832,210,0,4693.908293
-0.247177383,1.188913371,0.072036861,4427,0,475.8945202
-0.681984248,0.708303847,-0.21220897,3755,0,1148.08041
-1.00162001,0.351448208,-0.95191846,3893,0,1011.6825
-0.281100293,1.070150238,0.077480519,1855,0,3048.815969
1.797686527,-0.026521259,0.25775254,1677,0,3224.787052
0.640842861,-0.881874651,-1.241760575,1396,0,3507.269844
-0.57117899,-0.163066964,0.334176417,3874,0,1029.669913
0.572582781,-0.744902645,-0.155259049,2320,0,2583.997492
